{
    "mtx": [
        [
            1606.6162469736244,
            0.0,
            978.2771465856238
        ],
        [
            0.0,
            1631.8146000824702,
            516.636425450659
        ],
        [
            0.0,
            0.0,
            1.0
        ]
    ],
    "dist": [
        [
            -1.0457759846962966,
            1.671631077694833,
            0.04010774176180652,
            -0.03021848146744222,
            -1.7103242513207408
        ]
    ],
    "k": [
        [
            1021.0966903883167,
            0.0,
            979.2252647551828
        ],
        [
            0.0,
            1023.3323437582073,
            544.752562108424
        ],
        [
            0.0,
            0.0,
            1.0
        ]
    ],
    "d": [
        [
            -0.10015081198741525
        ],
        [
            0.07033191055450753
        ],
        [
            -0.09910463298314566
        ],
        [
            0.0468331698312113
        ]
    ]
}